food,Caloric Value,Fat,Saturated Fats,Monounsaturated Fats,Polyunsaturated Fats,Carbohydrates,Sugars,Protein,Dietary Fiber,Cholesterol,Sodium,Water,Vitamin A,Vitamin B1,Vitamin B11,Vitamin B12,Vitamin B2,Vitamin B3,Vitamin B5,Vitamin B6,Vitamin C,Vitamin D,Vitamin E,Vitamin K,Calcium,Iron,Magnesium,Phosphorus,Potassium,Zinc,Nutrition Density,Types,food_encoded
chocolate pudding fat free,105,300.0,0.0,0.0,0.0,23600.0,17800.0,2200.0,300.0,1.1,100.0,86100.0,0.0,0.021,0.06,0.069,0.046,0.022,0.2,0.084,0.0,0.0,0.0,0.098,44.1,1.9,17.0,61.0,235.0,0.3,72.4,dessert,0
tapioca pudding,143,4300.0,1100.0,2800.0,88.0,23900.0,16400.0,2100.0,0.0,1.1,200.0,79000.0,0.0,0.025,0.003,0.021,0.1,0.031,0.3,0.052,0.3,0.0,0.2,0.01,78.1,0.1,6.6,66.0,101.2,0.2,108.8,dessert,1
tapioca pudding fat free,105,400.0,100.0,80.0,67.0,23900.0,15900.0,1600.0,0.0,1.1,200.0,85400.0,0.0,0.044,0.096,0.012,0.043,0.1,0.056,0.039,0.3,0.0,0.072,0.0,58.2,0.1,5.6,73.9,78.4,0.2,84.5,dessert,2
rice pudding,122,2400.0,1400.0,600.0,100.0,20800.0,13100.0,3600.0,300.0,13.6,100.0,84900.0,0.043,0.002,0.098,0.089,0.098,0.2,0.2,0.4,0.074,1.5,0.0,0.011,0.063,0.014,0.1,0.1,92.7,0.083,27.329,dessert,3
corn pudding,328,12600.0,6300.0,3900.0,1400.0,42400.0,16500.0,11100.0,3000.0,180.0,700.0,180800.0,0.2,0.1,0.2,0.074,0.026,0.4,2.6,1.3,0.3,9.3,0.048,0.7,0.066,0.1,1.3,0.2,225.0,0.069,69.795,dessert,4
chocolate pudding,213,6900.0,1900.0,4100.0,200.0,34500.0,25800.0,3100.0,0.0,1.5,200.0,104200.0,0.045,0.003,0.061,0.044,0.1,0.2,0.4,0.062,0.5,0.0,0.5,0.066,76.5,1.9,27.0,84.0,276.0,0.5,123.424,dessert,5
lemon pudding,173,4400.0,2600.0,1300.0,200.0,30200.0,0.0,4100.0,0.0,16.5,400.0,109800.0,0.026,0.092,0.071,0.028,0.2,0.1,0.4,0.083,1.2,0.0,0.0,0.0,148.5,0.058,16.5,307.5,190.5,0.5,188.516,dessert,6
vanilla pudding,195,5700.0,1500.0,3400.0,100.0,33900.0,25500.0,2200.0,0.0,1.5,300.0,107500.0,0.018,0.012,0.084,0.092,0.1,0.047,0.2,0.048,0.3,0.0,0.5,0.034,73.5,0.1,6.0,61.5,97.5,0.2,115.796,dessert,7
profeel proteiinirahka valio,140,400.0,200.0,16800.0,16800.0,19300.0,200.0,175000.0,0.0,0.0,0.0,0.0,0.0,0.0,0.0,0.0,0.0,0.0,0.0,0.0,0.0,0.0,0.0,0.0,0.0,0.0,0.0,0.0,0.0,0.0,194.7,dessert,8
cottage cheese creamed,20,900.0,300.0,200.0,84.0,700.0,500.0,2200.0,0.0,3.4,95.0,16000.0,0.022,0.089,0.039,0.06,0.06,0.059,0.1,0.036,0.0,0.085,0.082,0.0,16.6,0.071,1.6,31.8,20.8,0.018,20.576,dessert,9
zaziki milfina,51,4400.0,1600.0,1200.0,0.0,0.0,0.0,0.0,0.0,0.0,0.0,0.0,0.0,0.0,0.0,0.0,0.0,0.0,0.0,0.0,0.0,0.0,0.0,0.0,0.0,0.0,0.0,0.0,0.0,0.0,4.4,dessert,10
cottage cheese low fat,163,2300.0,1500.0,700.0,41.0,6100.0,6100.0,28000.0,0.0,9.0,900.0,186400.0,0.021,0.081,0.005,0.072,0.4,0.3,0.5,0.2,0.0,0.0,0.035,0.024,137.9,0.3,11.3,302.8,194.4,0.9,174.683,dessert,11
cottage cheese nonfat,104,400.0,200.0,100.0,66.0,9700.0,2700.0,15000.0,0.0,10.2,500.0,117500.0,0.093,0.063,0.013,0.006,0.3,0.2,0.6,0.039,0.0,0.0,0.096,0.0,124.7,0.2,16.0,275.5,198.7,0.7,150.072,dessert,12
vanilla yogurt low fat,208,3100.0,2000.0,800.0,36.0,33800.0,33800.0,12100.0,0.0,12.3,200.0,193600.0,0.051,0.1,0.054,0.01,0.5,0.3,1.4,0.1,2.0,0.0,0.029,0.024,419.0,0.2,39.2,330.8,536.6,2.0,470.265,dessert,13
classique yogurt plain 2 liberte,30,1200.0,700.0,700.0,0.0,1700.0,1700.0,3300.0,0.0,0.017,0.0,0.0,0.0,0.0,0.0,0.0,0.0,0.0,0.0,0.0,0.0,0.0,0.0,0.0,0.0,0.0,0.0,0.0,0.0,0.0,6.2,dessert,14
yoplait light strawberry yogurt yoplait,79,0.0,14100.0,8800.0,4400.0,74.0,0.0,0.0,0.0,0.0,0.0,0.0,0.0,0.0,0.0,0.0,0.0,0.0,0.0,0.0,0.0,0.0,0.0,0.0,0.0,0.0,0.0,0.0,0.0,0.0,0.061,dessert,15
vanilla yogurt,145,2100.0,1300.0,500.0,69.0,23500.0,23500.0,8400.0,0.0,8.5,100.0,134300.0,0.005,0.091,0.068,0.026,0.3,0.2,0.9,0.094,1.4,0.0,0.003,0.037,290.7,0.1,27.2,229.5,372.3,1.4,326.243,dessert,16
chocolate yogurt,168,0.0,0.0,0.0,0.0,35300.0,22500.0,5300.0,1800.0,1.5,200.0,107400.0,0.0,0.083,0.019,0.042,0.3,0.3,0.0,0.05,0.0,0.0,0.0,0.0,132.0,0.6,60.0,249.0,508.5,1.7,175.0,dessert,17
yogurt parfait,125,1500.0,800.0,500.0,200.0,23600.0,17400.0,5000.0,1600.0,4.5,48.0,117700.0,0.073,0.1,0.018,0.1,0.3,1.1,0.0,0.3,21.3,0.042,0.4,0.085,156.5,0.7,25.3,138.6,281.6,1.3,210.272,dessert,18
yogurt,92,4900.0,3100.0,1300.0,100.0,7000.0,7000.0,5200.0,0.0,19.5,5.0,131900.0,0.026,0.017,0.06,0.081,0.2,0.1,0.6,0.026,0.8,0.076,0.035,0.02,181.5,0.001,18.0,142.5,232.5,0.9,199.51,dessert,19
chocolate frozen yogurt,221,6300.0,4000.0,1700.0,200.0,37600.0,33500.0,5200.0,4000.0,22.6,100.0,123900.0,0.036,0.08,0.008,0.088,0.3,0.2,0.0,0.021,0.0,0.057,0.2,0.071,174.0,0.8,43.5,154.9,407.2,0.5,227.929,dessert,20
frozen yogurt,221,6300.0,4000.0,1700.0,200.0,37600.0,34700.0,5200.0,0.0,22.6,100.0,123900.0,0.013,0.062,0.095,0.05,0.3,0.1,0.0,0.072,1.2,0.01,0.2,0.054,174.0,0.8,17.4,154.9,271.4,0.5,225.163,dessert,21
yogurt low fat,154,3800.0,2500.0,1000.0,100.0,17200.0,17200.0,12900.0,0.0,14.7,200.0,208400.0,0.021,0.1,0.045,0.034,0.5,0.3,1.4,0.1,2.0,0.0,0.007,0.007,448.4,0.2,41.7,352.8,573.3,2.2,484.517,dessert,22
vanilla yoghurt oikos,120,1800.0,24000.0,4900.0,0.0,0.0,0.0,0.0,0.0,0.0,0.0,0.0,0.0,0.0,0.0,0.0,0.0,0.0,0.0,0.0,0.0,0.0,0.0,0.0,0.0,0.0,0.0,0.0,0.0,0.0,1.8,dessert,23
fruit yogurt,149,1700.0,1100.0,500.0,24.0,28000.0,28000.0,6000.0,0.0,7.5,13.0,113000.0,0.006,0.081,0.032,0.087,0.2,0.1,0.7,0.099,0.9,0.0,0.079,0.031,207.0,0.066,19.5,163.5,265.5,1.0,243.671,dessert,24
danone low fat alsafi,88,1700.0,1000.0,11100.0,7100.0,89.0,255000.0,0.0,0.0,0.0,0.0,0.0,0.0,0.0,0.0,0.0,0.0,0.0,0.0,0.0,0.0,0.0,0.0,0.0,0.0,0.0,0.0,0.0,0.0,0.0,1.743,dessert,25
fruit n yogurt parfait mcdonalds,156,1900.0,44.0,200.0,100.0,30900.0,19100.0,4100.0,1500.0,7.5,65.0,111200.0,0.0,0.004,0.029,0.099,0.2,0.4,0.6,0.0,20.7,0.0,0.0,0.0,128.1,0.7,20.9,125.2,248.8,0.5,187.9,dessert,26
triple zero greek yogurt dannon oikos,120,0.0,0.0,15000.0,7000.0,22500.0,6000.0,38.0,0.0,0.0,0.0,0.0,0.0,0.0,0.0,0.0,0.0,0.0,0.0,0.0,0.0,0.0,0.0,0.0,0.0,0.0,0.0,0.0,0.0,0.0,22.598,dessert,27
greek yogurt,100,700.0,200.0,18.0,10.0,6100.0,5500.0,17300.0,0.0,8.5,81.0,144700.0,0.035,0.009,0.045,0.036,0.5,0.4,0.6,0.1,0.0,0.0,0.089,0.01,187.0,0.1,18.7,229.5,239.7,0.9,211.251,dessert,28
vegetable fruit juice,9,17.0,0.0,0.0,0.0,2200.0,600.0,71.0,0.0,0.0,43.0,27200.0,0.0,0.047,0.0,0.0,0.075,0.023,0.025,0.05,9.6,0.0,0.5,0.036,0.9,0.013,0.3,0.6,5.6,0.069,12.912,drink,29
cocoa powder unsweetened,12,700.0,400.0,200.0,48.0,3100.0,87.0,1100.0,1800.0,0.0,62.0,200.0,0.0,0.049,0.078,0.0,0.058,0.1,0.054,0.028,0.0,0.0,0.085,0.056,6.9,0.7,26.9,39.6,82.3,0.4,14.3,drink,30
coconut milk,35,3600.0,3200.0,200.0,10.0,800.0,500.0,300.0,300.0,0.0,1.0,10100.0,0.0,0.058,0.094,0.0,0.0,0.1,0.045,0.069,0.4,0.0,0.063,0.014,2.4,0.2,5.6,15.0,39.5,0.1,8.0,drink,31
cocoa powder,28,300.0,200.0,61.0,55.0,5900.0,4600.0,500.0,300.0,0.0,34.0,100.0,0.066,0.045,0.096,0.051,0.033,0.048,0.066,0.085,0.016,0.0,0.094,0.001,9.3,0.075,5.8,22.1,49.8,0.1,16.393,drink,32
rice drink,113,2300.0,0.0,1500.0,800.0,22000.0,12700.0,700.0,700.0,0.0,58.0,214300.0,0.0,0.2,0.01,0.0,0.008,0.3,0.9,0.4,0.059,0.0,0.042,1.1,0.078,0.013,0.5,0.7,134.4,0.009,25.883,drink,33
coconut water,46,500.0,400.0,91.0,30.0,8900.0,6300.0,1700.0,2600.0,0.0,300.0,228000.0,0.0,0.002,0.05,0.0,0.1,0.2,0.1,0.082,5.8,0.0,0.0,0.0,57.6,0.7,60.0,48.0,600.0,0.2,77.8,drink,34
caramel med iced coffee dunkin donuts,268,9000.0,41000.0,37000.0,5000.0,0.0,0.0,0.0,0.0,0.0,0.0,0.0,0.0,0.0,0.0,0.0,0.0,0.0,0.0,0.0,0.0,0.0,0.0,0.0,0.0,0.0,0.0,0.0,0.0,0.0,9.0,drink,35
instant coffee with water decaffeinated,4,0.0,24.0,0.0,68.0,800.0,0.0,200.0,0.0,0.0,93.0,177100.0,0.0,0.0,0.0,0.0,0.058,0.5,0.092,0.0,0.0,0.0,0.0,0.0,7.2,0.042,7.2,5.4,64.4,0.053,8.247,drink,36
instant coffee powder,353,500.0,200.0,90.0,200.0,75400.0,0.0,12200.0,0.0,0.0,51.0,3100.0,0.0,0.09,0.0,0.0,0.031,28.2,0.019,0.073,0.0,0.0,0.0,0.077,141.0,4.4,327.0,303.0,3535.0,0.4,233.5,drink,37
instant coffee powder decaffeinated,6,69.0,15.0,31.0,75.0,1400.0,0.0,200.0,0.0,0.0,90.0,51.0,0.0,0.0,0.0,0.0,0.072,0.5,0.077,0.0,0.0,0.0,0.0,0.015,2.5,0.056,5.6,5.1,63.0,0.004,4.121,drink,38
instant cappuccino powder,53,700.0,400.0,200.0,98.0,11200.0,9000.0,400.0,200.0,0.3,74.0,200.0,0.0,0.073,0.067,0.037,0.087,0.3,0.037,0.011,0.1,0.0,0.08,0.062,17.3,0.036,5.6,23.8,108.0,0.058,29.908,drink,39
coffee decaffeinated,0,0.0,87.0,0.0,99.0,0.0,0.0,200.0,0.0,0.0,58.0,235300.0,0.0,0.0,0.0,0.0,0.0,0.5,0.091,0.0,0.0,0.0,0.0,0.023,4.7,0.1,11.9,2.4,128.0,0.084,5.0,drink,40
espresso decaffeinated,3,11.0,37.0,0.0,57.0,500.0,0.0,65.0,0.0,0.0,11.0,29300.0,0.0,0.087,0.054,0.0,0.003,1.6,0.086,0.035,0.026,0.0,0.0,0.047,0.6,0.087,24.0,2.1,34.5,0.036,1.391,drink,41
instant coffee with water,4,0.0,51.0,0.0,25.0,600.0,0.0,200.0,0.0,0.0,15.0,177400.0,0.0,0.0,0.0,0.0,0.073,0.4,0.089,0.0,0.0,0.0,0.0,0.0,7.2,0.015,7.2,5.4,53.7,0.013,8.027,drink,42
coffee,2,69.0,11.0,16.0,11.0,0.0,0.0,300.0,0.0,0.0,75.0,235600.0,0.0,0.034,0.076,0.0,0.2,0.5,0.6,0.022,0.0,0.0,0.068,0.025,4.7,0.051,7.1,7.1,116.1,0.039,5.09,drink,43
espresso,3,86.0,68.0,0.0,54.0,500.0,0.0,21.0,0.0,0.0,83.0,29300.0,0.0,0.088,0.073,0.0,0.08,1.6,0.075,0.099,0.099,0.0,0.005,0.027,0.6,0.049,24.0,2.1,34.5,0.02,1.263,drink,44
whey protein powder vanilla eas,108,1700.0,1400.0,1300.0,20200.0,0.0,0.0,0.0,0.0,0.0,0.0,0.0,0.0,0.0,0.0,0.0,0.0,0.0,0.0,0.0,0.0,0.0,0.0,0.0,0.0,0.0,0.0,0.0,0.0,0.0,1.7,drink,45
energy drink sugar free red bull,13,200.0,0.0,0.0,0.0,1800.0,0.0,600.0,0.0,0.0,8.0,245900.0,0.0,0.031,0.0,0.09,1.4,21.3,4.8,5.0,0.0,0.0,0.0,0.0,32.5,0.023,7.5,0.0,7.5,0.0,35.19,drink,46
powerade coca cola,9,9.0,76.0,78.0,54.0,2300.0,1800.0,0.0,0.0,0.0,5.0,27100.0,0.0,0.021,0.0,0.082,0.0,0.5,0.0,0.013,0.0,0.0,0.0,0.0,0.3,0.096,0.0,0.3,5.3,0.058,2.671,drink,47
amp energy pepsi,110,200.0,0.0,0.0,0.0,29000.0,29000.0,600.0,0.0,0.0,93.0,209500.0,0.0,0.078,0.0,0.083,0.8,4.8,2.4,0.5,0.0,0.0,0.0,0.0,31.2,0.053,7.2,40.8,7.2,0.0,61.067,drink,48
gatorade g2 pepsi,2,52.0,0.0,0.0,0.0,600.0,400.0,69.0,0.0,0.0,11.0,28900.0,0.0,0.0,0.0,0.091,0.0,0.0,0.0,0.0,0.0,0.0,0.0,0.038,0.0,0.0,0.0,2.1,3.8,0.0,0.69,drink,49
amp energy sugar free pepsi,5,0.0,0.0,0.0,0.0,2500.0,0.0,0.0,0.0,0.0,93.0,236000.0,0.0,0.0,0.0,0.084,0.3,2.0,1.0,0.2,0.0,0.0,0.0,0.0,0.0,0.0,7.2,40.8,4.8,0.0,2.5,drink,50
energy drink red bull,111,0.0,0.0,0.0,0.0,26400.0,26400.0,1200.0,0.0,0.0,100.0,230200.0,0.0,0.0,0.1,0.0,0.068,0.3,25.4,4.9,5.6,0.0,0.0,0.0,0.0,0.049,0.2,0.086,0.0,0.072,33.224,drink,51
powerade zero ion4 coca cola,0,0.0,0.0,0.0,0.0,0.0,0.0,0.0,0.0,0.0,30.0,29500.0,0.0,0.098,0.0,0.028,0.0,0.2,0.0,0.064,0.7,0.0,0.2,0.057,0.6,0.072,0.3,0.0,3.0,0.026,1.393,drink,52
full throttle coca cola,110,200.0,0.0,0.0,0.0,29000.0,29000.0,600.0,0.0,0.0,71.0,209500.0,0.0,0.037,0.0,0.031,0.0,4.0,0.0,0.4,0.0,0.0,0.0,0.0,31.2,0.037,7.2,0.0,7.2,0.0,61.049,drink,53
passion fruit juice purple,148,400.0,64.0,37.0,300.0,35700.0,35200.0,1700.0,500.0,0.0,84.0,208000.0,0.0,0.0,0.039,0.0,0.2,5.5,0.0,0.1,45.0,0.0,0.09,0.011,9.9,0.9,42.0,61.8,686.7,0.1,94.1,drink,54
pomegranate juice,134,700.0,200.0,100.0,100.0,32700.000000000004,31500.0,400.0,200.0,0.0,89.0,214000.0,0.0,0.037,0.014,0.0,0.006,0.6,0.7,0.019,0.2,0.0,0.9,0.081,27.4,0.2,17.4,27.4,532.9,0.2,61.8,drink,55
cranberry apricot juice,157,0.0,0.0,0.0,0.0,39700.0,0.0,500.0,200.0,0.0,7.0,204600.0,0.0,0.089,0.071,0.0,0.01,0.3,0.071,0.082,0.0,0.0,0.0,0.0,22.1,0.4,7.4,12.3,149.5,0.05,62.9,drink,56
pineapple juice,133,300.0,71.0,27.0,100.0,32200.000000000004,25000.0,900.0,500.0,0.0,75.0,215900.0,0.0,0.0,0.1,0.004,0.0,0.064,0.5,0.1,0.3,109.5,0.0,0.048,0.062,0.2,0.8,1.3,20.0,0.099,34.477,drink,57
passion fruit juice yellow,126,100.0,8.0,20.0,94.0,33600.0,33100.0,1000.0,500.0,0.0,3.0,211500.0,0.0,0.0,0.1,0.0,0.3,3.6,0.0,0.1,73.6,0.0,0.036,0.09,9.9,0.6,42.0,32.1,686.7,0.1,119.3,drink,58
orange apricot juice,128,300.0,1.0,78.0,63.0,31800.0,30200.0,800.0,300.0,0.0,96.0,216800.0,0.0,0.022,0.094,0.0,0.021,0.5,0.2,0.08,50.0,0.0,0.3,0.054,12.5,0.3,12.5,20.0,200.0,0.1,96.0,drink,59
tangerine juice,106,500.0,82.0,15.0,54.0,24900.0,24500.0,1200.0,500.0,0.0,22.0,219600.0,0.0,0.0,0.1,0.086,0.0,0.094,0.2,0.3,0.1,76.6,0.0,0.3,0.0,0.06,0.5,0.031,34.6,0.016,27.29,drink,60
orange juice,90,400.0,79.0,46.0,37.0,20800.0,16800.0,1400.0,400.0,0.0,67.0,176600.0,0.0,0.0,0.2,0.002,0.0,0.01,0.8,0.4,0.052,100.0,0.0,0.013,0.053,0.06,0.4,0.056,34.0,0.067,23.177,drink,61
grapefruit juice,96,200.0,11.0,90.0,8.0,22700.0,0.0,1200.0,0.0,0.0,61.0,222300.0,0.0,0.0,0.06,0.038,0.0,0.01,0.5,0.5,0.1,93.9,0.0,0.0,0.0,0.004,0.5,0.037,37.1,0.0,24.254,drink,62
pineapple grapefruit juice,118,300.0,77.0,0.0,22.0,29000.0,28800.0,500.0,300.0,0.0,54.0,219800.0,0.0,0.042,0.047,0.0,0.07,0.7,0.1,0.1,115.0,0.0,0.001,0.046,17.5,0.8,15.0,15.0,152.5,0.2,163.4,drink,63
tamarind nectar,143,300.0,0.0,0.0,0.0,37000.0,31900.0,200.0,1300.0,0.0,46.0,213300.0,0.0,0.077,0.055,0.0,0.024,0.2,0.025,0.048,17.8,0.0,0.3,0.069,25.1,1.9,10.0,5.0,67.8,0.089,83.6,drink,64
apple juice,114,300.0,64.0,78.0,90.0,28000.0,23900.0,200.0,500.0,0.0,38.0,218800.0,0.0,0.0,0.083,0.0,0.0,0.019,0.2,0.1,0.025,2.2,0.0,0.057,0.0,0.065,0.3,0.2,17.4,0.039,29.087,drink,65
limeade,128,0.0,0.0,0.0,0.0,34100.0,32800.0,0.0,0.0,0.0,71.0,212600.0,0.0,0.047,0.058,0.0,0.034,0.05,0.006,0.051,7.7,0.0,0.0,0.0,4.9,0.0,4.9,2.5,24.7,0.024,46.7,drink,66
guava nectar,158,200.0,50.0,71.0,54.0,40800.0,32500.0,200.0,2500.0,0.0,63.0,209600.0,0.0,0.0,0.06,0.075,0.0,0.073,0.4,0.2,0.057,53.0,0.0,0.1,0.087,0.055,1.0,0.1,5.0,0.0,43.83,drink,67
orange grapefruit juice,106,200.0,9.0,1.0,98.0,25400.0,25100.0,1500.0,200.0,0.0,82.0,218900.0,0.0,0.1,0.005,0.0,0.04,0.8,0.3,0.079,71.9,0.0,0.3,0.066,19.8,1.1,24.7,34.6,390.3,0.2,120.1,drink,68
orange juice sainsburys,14,88.0,2500.0,100.0,0.0,0.0,0.0,0.0,0.0,0.0,0.0,0.0,0.0,0.0,0.0,0.0,0.0,0.0,0.0,0.0,0.0,0.0,0.0,0.0,0.0,0.0,0.0,0.0,0.0,0.0,0.049,drink,69
cranberry apple juice,154,300.0,66.0,14.0,100.0,38800.0,35500.0,0.0,0.0,0.0,61.0,205300.0,0.0,0.0,0.0,0.0,0.0,0.0,0.0,0.0,96.8,0.0,0.3,0.075,7.4,0.2,2.5,4.9,41.7,0.015,143.5,drink,70
pineapple orange juice,125,0.0,0.0,0.0,0.0,29500.0,29000.0,3300.0,300.0,0.0,69.0,217300.0,0.0,0.035,0.046,0.0,0.02,0.5,0.1,0.1,56.3,0.0,0.079,0.085,12.5,0.7,15.0,10.0,115.0,0.2,102.6,drink,71
pear nectar,150,62.0,32.0,86.0,38.0,39400.0,0.0,300.0,1500.0,0.0,56.0,210000.0,0.0,0.0,0.032,0.049,0.0,0.033,0.3,0.087,0.017,67.5,0.0,0.0,0.0,0.2,0.7,0.041,7.5,0.065,41.466,drink,72
blackberry juice,95,1500.0,95.0,100.0,900.0,19500.0,19300.0,800.0,300.0,0.0,72.0,227300.0,0.0,0.076,0.091,0.0,0.053,1.1,0.0,0.075,28.3,0.0,2.3,0.088,30.0,1.2,52.5,30.0,337.5,1.0,81.6,drink,73
lemon juice,54,600.0,60.0,73.0,38.0,16600.0,6100.0,900.0,700.0,0.0,46.0,225200.0,0.0,0.0,0.015,0.093,0.0,0.084,0.2,0.2,0.1,94.4,0.0,0.4,0.0,0.073,0.2,0.091,19.5,0.09,18.9,drink,74
cranberry grape juice,137,200.0,53.0,92.0,80.0,34300.0,0.0,500.0,200.0,0.0,79.0,209700.0,0.0,0.094,0.09,0.0,0.056,0.3,0.1,0.027,78.4,0.0,0.0,0.0,19.6,0.04,7.4,9.8,58.8,0.055,133.2,drink,75
citrus fruit juice,114,57.0,88.0,48.0,85.0,28300.0,20200.0,800.0,200.0,0.0,51.0,217800.0,0.0,0.043,0.021,0.0,0.096,0.2,0.2,0.054,67.2,0.0,0.1,0.042,22.3,2.8,14.9,24.8,277.8,0.011,121.7,drink,76
prune juice,182,6.0,33.0,82.0,11.0,44700.0,42100.0,1600.0,2600.0,0.0,100.0,208000.0,0.0,0.038,0.0,0.0,0.2,2.0,0.3,0.6,10.5,0.0,0.3,0.007,30.7,3.0,35.8,64.0,706.6,0.5,93.105,drink,77
guanabana nectar,148,400.0,96.0,100.0,6.0,37500.0,32800.0,300.0,300.0,0.0,61.0,212600.0,0.0,0.086,0.05,0.0,0.027,0.3,0.2,0.05,27.9,0.0,0.036,0.0,17.6,0.9,7.5,5.0,62.8,0.011,84.9,drink,78
fruit juice,108,100.0,59.0,48.0,36.0,26300.0,24200.0,300.0,200.0,0.0,100.0,172700.0,0.0,0.071,0.2,0.0,0.0,0.096,0.028,0.0,0.001,50.8,0.0,0.1,0.0,0.039,0.5,0.0,14.0,0.089,26.937,drink,79
horchata,15,200.0,0.0,0.0,0.0,3300.0,2600.0,100.0,0.0,0.0,13.0,24600.0,0.0,0.0,0.0,0.0,0.0,0.016,0.0,0.029,0.0,0.0,0.022,0.0,5.1,0.057,0.8,4.2,9.6,0.058,8.717,drink,80
fruit punch,98,400.0,48.0,11.0,39.0,24400.0,0.0,200.0,0.0,0.0,80.0,208600.0,0.0,0.092,0.061,0.0,0.1,0.1,0.035,0.047,11.2,0.0,0.0,0.0,16.4,0.5,7.0,7.0,154.4,0.4,53.1,drink,81
apricot nectar,139,200.0,70.0,85.0,39.0,35700.0,34200.0,900.0,1500.0,0.0,25.0,210500.0,0.0,0.044,0.059,0.0,0.014,0.6,0.2,0.036,1.5,0.0,0.8,0.008,17.4,0.9,12.4,22.3,282.7,0.2,58.1,drink,82
orangensaft ja,86,0.0,0.0,17800.0,17800.0,1400.0,24.0,0.0,0.0,0.0,0.0,0.0,0.0,0.0,0.0,0.0,0.0,0.0,0.0,0.0,0.0,0.0,0.0,0.0,0.0,0.0,0.0,0.0,0.0,0.0,1.4,drink,83
fruchtcocktail granini,102,400.0,200.0,23000.0,23000.0,1000.0,0.0,0.0,0.0,0.0,0.0,0.0,0.0,0.0,0.0,0.0,0.0,0.0,0.0,0.0,0.0,0.0,0.0,0.0,0.0,0.0,0.0,0.0,0.0,0.0,1.4,drink,84
peach nectar,125,1300.0,600.0,200.0,500.0,29700.0,27800.0,500.0,200.0,0.0,77.0,217300.0,0.0,0.038,0.1,0.005,0.0,0.049,0.5,0.2,0.091,75.2,0.0,1.5,0.0,0.2,0.2,0.058,12.5,0.071,31.949,drink,85
orange pineapple juice,15,80.0,56.0,26.0,24.0,3600.0,3100.0,100.0,32.0,0.0,44.0,25700.0,0.0,0.044,0.01,0.0,0.069,0.054,0.0,0.053,12.0,0.0,0.036,0.016,2.4,0.086,3.0,3.2,44.3,0.072,18.261,drink,86
cranberry juice,92,300.0,61.0,98.0,100.0,24400.0,24200.0,800.0,200.0,0.0,93.0,174300.0,0.0,0.0,0.069,0.011,0.0,0.016,0.2,0.0,0.1,18.6,0.0,2.4,0.099,0.1,0.5,0.0,26.0,0.036,25.975,drink,87
white grapefruit juice,96,200.0,83.0,91.0,7.0,22700.0,22500.0,1200.0,200.0,0.0,18.0,222300.0,0.0,0.015,0.029,0.0,0.005,0.5,0.5,0.1,93.9,0.0,0.5,0.0,22.2,0.5,29.6,37.1,400.1,0.1,140.9,drink,88
mango nectar,128,200.0,40.0,92.0,66.0,32900.0,31200.0,300.0,800.0,0.0,61.0,217400.0,0.0,0.0,0.039,0.055,0.0,0.06,0.2,0.2,0.038,38.2,0.0,0.5,0.047,0.087,0.9,0.007,5.0,0.025,34.447,drink,89
acerola cherry juice,56,700.0,200.0,200.0,200.0,11600.0,10900.0,1000.0,700.0,0.0,82.0,228200.0,0.0,0.067,0.084,0.0,0.1,1.0,0.5,0.051,3872.0,0.0,0.4,0.057,24.2,1.2,29.0,21.8,234.7,0.2,3911.4,drink,90
apple juice concentrate,350,800.0,100.0,53.0,200.0,86500.0,81900.0,1100.0,800.0,0.0,49.0,120300.0,0.0,0.029,0.005,0.0,0.1,0.3,0.5,0.2,4.4,0.0,0.022,0.0,42.2,1.9,35.9,52.8,945.3,0.3,137.7,drink,91
papaya nectar,143,400.0,100.0,100.0,70.0,36300.0,34800.0,400.0,1500.0,0.0,82.0,212600.0,0.0,0.0,0.053,0.039,0.0,0.077,0.4,0.1,0.017,7.5,0.0,0.6,0.076,0.029,0.9,0.012,0.0,0.072,38.657,drink,92
apple juice martinellis,122,0.0,0.0,29100.0,700.0,0.0,0.0,0.0,0.0,0.0,0.0,0.0,0.0,0.0,0.0,0.0,0.0,0.0,0.0,0.0,0.0,0.0,0.0,0.0,0.0,0.0,0.0,0.0,0.0,0.0,0.0,drink,93
lime juice,61,200.0,52.0,87.0,71.0,20400.0,4100.0,1000.0,1000.0,0.0,14.0,219700.0,0.0,0.015,0.01,0.0,0.078,0.3,0.3,0.04,72.6,0.0,0.5,0.074,33.9,0.2,19.4,33.9,283.1,0.2,129.3,drink,94
grape juice,152,300.0,60.0,30.0,59.0,37400.0,35900.0,900.0,500.0,0.0,3.0,213800.0,0.0,0.05,0.0,0.0,0.025,0.3,0.1,0.086,0.3,0.0,0.0,0.025,27.8,0.6,25.3,35.4,263.1,0.2,67.8,drink,95
water dannon,0,0.0,0.0,0.0,0.0,0.0,0.0,0.0,0.0,0.0,0.0,330900.0,0.0,0.0,0.0,0.0,0.0,0.0,0.0,0.0,0.0,0.0,0.0,0.0,9.9,0.0,3.3,0.0,0.0,0.0,9.9,drink,96
tap water,0,0.0,0.0,0.0,0.0,0.0,0.0,0.0,0.0,0.0,18.0,236800.0,0.0,0.0,0.0,0.0,0.0,0.0,0.0,0.0,0.0,0.0,0.0,0.0,7.1,0.0,2.4,0.0,0.0,0.042,7.1,drink,97
table water,0,0.0,0.0,0.0,0.0,0.0,0.0,0.0,0.0,0.0,44.0,499500.0,0.0,0.0,0.0,0.0,0.0,0.0,0.0,0.0,0.0,0.0,0.0,0.0,70.0,0.0,0.0,0.0,0.0,0.0,70.0,drink,98
fruit flavored water,52,0.0,0.0,0.0,0.0,13000.0,13000.0,0.0,0.0,0.0,0.0,223800.0,0.05,0.0,0.016,0.049,0.0,2.0,1.0,0.2,30.1,0.0,4.5,0.0,40.3,0.0,7.1,0.0,0.0,0.8,83.471,drink,99
water,0,0.0,0.0,0.0,0.0,0.0,0.0,0.0,0.0,0.0,24.0,237000.0,0.0,0.0,0.0,0.0,0.0,0.0,0.0,0.0,0.0,0.0,0.0,0.0,23.7,0.0,4.7,0.0,0.0,0.0,23.7,drink,100
cola light coca cola,0,0.0,0.0,0.0,0.0,0.0,0.0,0.0,0.0,0.0,87.0,336500.0,0.0,0.0,0.0,0.0,0.0,0.0,0.0,0.0,0.0,0.0,0.0,0.0,0.0,0.0,0.0,0.0,0.0,0.0,0.0,drink,101
lemon lime soda,151,0.0,0.0,0.0,0.0,38400.0,37600.0,300.0,0.0,0.0,24.0,330200.0,0.0,0.0,0.0,0.0,0.0,0.055,0.0,0.0,0.0,0.0,0.0,0.0,7.4,0.061,3.7,0.0,3.7,0.065,46.113,drink,102
tonic water,114,0.0,0.0,0.0,0.0,29600.0,29600.0,0.0,0.0,0.0,49.0,306100.0,0.0,0.0,0.0,0.0,0.0,0.0,0.0,0.0,0.0,0.0,0.0,0.0,3.4,0.09,0.0,0.0,0.0,0.3,33.038,drink,103
lemonade low calorie,7,0.0,0.0,0.0,0.0,1600.0,0.0,92.0,0.0,0.0,13.0,236800.0,0.0,0.0,0.0,0.0,0.0,0.0,0.0,0.0,7.6,0.0,0.0,0.0,66.9,0.1,2.4,31.1,2.4,0.011,76.216,drink,104
ginger ale,68,0.0,0.0,0.0,0.0,17500.0,17400.0,0.0,0.0,0.0,43.0,182500.0,0.0,0.0,0.0,0.0,0.0,0.0,0.0,0.0,0.0,0.0,0.0,0.0,0.0,0.024,0.4,0.087,0.0,0.078,17.528,drink,105
ice tea lemon flavor nestle,88,0.0,0.0,0.0,0.0,22300.0,22300.0,0.0,0.0,0.0,63.0,223400.0,0.0,0.0,0.0,0.0,0.0,0.0,0.0,0.0,0.0,0.0,0.0,0.0,7.4,0.0,2.5,88.2,46.6,0.1,29.7,drink,106
sprite coca cola,80,63.0,0.0,0.0,0.0,20300.0,18000.0,100.0,0.0,0.0,21.0,179600.0,0.0,0.0,0.0,0.0,0.0,0.0,0.032,0.0,0.0,0.0,0.0,0.0,0.0,0.042,0.2,0.017,0.0,0.0,20.538,drink,107
cola coca cola,151,0.0,0.0,0.0,0.0,38900.0,38900.0,0.0,0.0,0.0,45.0,329800.0,0.0,0.0,0.0,0.0,0.0,0.0,0.0,0.0,0.0,0.0,0.0,0.0,7.4,0.048,0.0,40.5,11.0,0.052,46.4,drink,108
cola,74,70.0,0.0,0.0,0.0,19100.0,17900.0,100.0,0.0,0.0,72.0,180600.0,0.0,0.0,0.0,0.0,0.0,0.0,0.0,0.0,0.0,0.0,0.0,0.0,0.0,0.012,0.2,0.081,20.0,0.038,19.336,drink,109
cream soda,252,0.0,0.0,0.0,0.0,65700.0,65700.0,0.0,0.0,0.0,98.0,428300.0,0.0,0.0,0.0,0.0,0.0,0.0,0.0,0.0,0.0,0.0,0.0,0.0,24.7,0.2,4.9,0.0,4.9,0.3,90.6,drink,110
club soda,0,0.0,0.0,0.0,0.0,0.0,0.0,0.0,0.0,0.0,46.0,199800.0,0.0,0.0,0.0,0.0,0.0,0.0,0.0,0.0,0.0,0.0,0.0,0.0,0.0,0.015,0.078,0.052,0.0,0.0,0.025,drink,111
pink lemonade,86,300.0,79.0,30.0,34.0,21600.0,20600.0,100.0,200.0,0.0,10.0,177800.0,0.0,0.003,0.078,0.0,0.0,0.047,0.035,0.061,6.2,0.0,0.062,0.0,8.0,0.092,4.0,4.0,34.0,0.093,36.488,drink,112
grape soda,160,0.0,0.0,0.0,0.0,41700.0,0.0,0.0,0.0,0.0,42.0,330300.0,0.0,0.0,0.0,0.0,0.0,0.0,0.0,0.0,0.0,0.0,0.0,0.0,11.2,0.3,3.7,0.0,3.7,0.3,53.2,drink,113
cola without caffeine coca cola,151,0.0,0.0,0.0,0.0,38900.0,38900.0,0.0,0.0,0.0,40.0,329800.0,0.0,0.0,0.0,0.0,0.0,0.0,0.0,0.0,0.0,0.0,0.0,0.0,7.4,0.026,0.0,40.5,11.0,0.032,46.381,drink,114
white lemonade,80,3.0,93.0,24.0,76.0,20800.0,20000.0,100.0,0.0,0.0,20.0,178700.0,0.0,0.0,0.004,0.043,0.0,0.02,0.094,0.094,0.007,7.8,0.0,0.04,0.0,0.013,0.3,0.083,4.0,0.066,21.02,drink,115
chocolate soda,207,0.0,0.0,0.0,0.0,52600.0,52600.0,0.0,0.0,0.0,31.0,438900.0,0.0,0.0,0.0,0.0,0.0,0.0,0.0,0.0,0.0,0.0,0.0,0.0,19.7,0.5,4.9,4.9,246.0,0.8,72.8,drink,116
sweet tea lipton,130,0.0,0.0,0.0,0.0,35000.0,35000.0,0.0,0.0,0.0,0.0,0.0,0.0,0.0,0.0,0.0,0.0,0.0,0.0,0.0,0.0,0.0,0.0,0.0,0.0,0.0,0.0,0.0,0.0,0.0,35.0,drink,117
hibiscus tea,74,1300.0,500.0,200.0,40.0,14800.0,12000.0,900.0,600.0,0.0,91.0,179300.0,0.0,2.6,0.03,0.0,0.2,0.0,0.0,0.0,36.8,0.0,0.0,0.0,2.0,17.3,2.0,6.0,18.0,0.2,73.7,drink,118
instant lemon tea,2,0.0,0.0,0.0,0.0,300.0,47.0,100.0,0.0,0.0,46.0,199200.0,0.0,0.0,0.0,0.0,0.0,0.003,0.023,0.06,0.009,0.0,0.0,0.0,0.0,0.026,0.02,0.8,2.0,0.0,0.494,drink,119
pesca tea santal,116,0.0,28100.0,0.0,0.0,0.0,0.0,0.0,0.0,0.0,0.0,0.0,0.0,0.0,0.0,0.0,0.0,0.0,0.0,0.0,0.0,0.0,0.0,0.0,0.0,0.0,0.0,0.0,0.0,0.0,0.0,drink,120
instant lemon tea sweetened,91,200.0,18.0,46.0,93.0,22300.0,21600.0,71.0,300.0,0.0,89.0,236200.0,0.0,0.083,0.0,0.0,0.0,0.006,0.0,0.044,0.0,0.0,0.0,0.0,5.2,0.0,2.6,0.0,38.9,0.048,28.147,drink,121
tea with milk and sugar yorkshire,15,500.0,300.0,700.0,700.0,400.0,0.0,0.0,0.0,0.0,0.0,0.0,0.0,0.0,0.0,0.0,0.0,0.0,0.0,0.0,0.0,0.0,0.0,0.0,0.0,0.0,0.0,0.0,0.0,0.0,0.9,drink,122
tea blueberry muffin tekanne,4,200.0,200.0,600.0,400.0,400.0,7.0,0.0,0.0,0.0,0.0,0.0,0.0,0.0,0.0,0.0,0.0,0.0,0.0,0.0,0.0,0.0,0.0,0.0,0.0,0.0,0.0,0.0,0.0,0.0,0.6,drink,123
chamomile tea,2,0.0,28.0,32.0,73.0,400.0,0.0,0.0,0.0,0.0,3.0,199400.0,0.0,0.06,0.05,0.0,0.022,0.0,0.027,0.0,0.0,0.0,0.0,0.0,4.0,0.2,2.0,0.0,18.0,0.006,4.6,drink,124
black tea,2,0.0,72.0,32.0,29.0,700.0,0.0,0.0,0.0,0.0,91.0,236300.0,0.0,0.0,0.041,0.0,0.018,0.0,0.04,0.0,0.0,0.0,0.0,0.0,0.0,0.088,7.1,2.4,87.7,0.081,0.72,drink,125
herb tea,2,0.0,14.0,43.0,71.0,400.0,0.0,0.0,0.0,0.0,64.0,199400.0,0.0,0.007,0.093,0.0,0.051,0.0,0.096,0.0,0.0,0.0,0.0,0.0,4.0,0.2,2.0,0.0,18.0,0.006,4.6,drink,126
clam tomato juice,80,300.0,0.0,0.0,0.0,18200.0,5500.0,1000.0,700.0,0.0,600.0,145100.0,0.0,0.015,0.079,0.0,0.064,0.4,0.1,0.1,8.3,0.0,0.2,0.0,13.3,0.2,8.3,18.3,147.7,0.1,42.0,drink,127
tomato juice,41,700.0,43.0,62.0,43.0,8600.0,6300.0,2100.0,1000.0,0.0,63.0,229000.0,0.0,0.069,0.2,0.003,0.0,0.2,1.6,0.6,0.2,170.3,0.0,0.8,0.056,0.1,0.9,0.2,46.2,0.067,12.742,drink,128
vegetable juice,53,200.0,71.0,16.0,100.0,11100.0,7900.0,1500.0,1900.0,0.0,100.0,226300.0,0.0,0.0,0.095,0.039,0.0,0.091,1.8,0.6,0.3,67.0,0.0,0.8,0.007,0.5,1.0,0.2,41.1,0.026,15.538,drink,129
tomato vegetable juice,53,200.0,14.0,14.0,100.0,11100.0,9200.0,1500.0,1900.0,0.0,200.0,226300.0,0.0,0.034,0.047,0.0,0.097,1.8,0.0,0.3,67.0,0.0,0.8,0.085,26.6,1.0,26.6,41.1,467.1,0.5,109.3,drink,130
carrot juice,80,300.0,55.0,27.0,100.0,18600.0,7800.0,1900.0,1600.0,0.0,100.0,177700.0,0.0,0.2,0.077,0.0,0.1,0.8,0.5,0.4,17.0,0.0,2.3,0.047,48.0,0.9,28.0,84.0,584.0,0.4,88.3,drink,131
pecan pie,503,27100.0,4900.0,13600.0,7000.0,63700.0,0.0,6000.0,0.0,106.1,300.0,23800.0,0.046,0.2,0.083,0.061,0.2,1.0,0.6,0.034,0.2,0.0,0.0,0.0,39.0,1.8,31.7,114.7,162.3,1.2,137.891,cake,132
apple pie,331,15600.0,3800.0,6700.0,4200.0,46400.0,0.0,3000.0,0.0,0.0,300.0,59100.0,0.078,0.2,0.02,0.0,0.1,1.5,0.1,0.009,2.1,0.0,0.0,0.0,8.8,1.4,8.8,35.0,98.8,0.2,77.358,cake,133
vanilla wafer pie crust,935,63700.0,13100.0,27500.0,18800.0,88400.0,12900.0,6500.0,200.0,68.6,900.0,15000.0,0.4,0.3,0.071,0.081,0.4,3.7,0.5,0.082,0.2,0.059,5.4,0.028,73.9,2.9,17.6,137.3,139.0,0.4,236.2,cake,134
chocolate pie crust,881,40800.0,8600.0,26400.0,3700.0,117400.0,47900.0,11100.0,4900.0,0.0,900.0,9100.0,0.0,0.6,0.1,0.0,0.5,5.6,0.3,0.049,0.0,0.0,3.3,0.078,58.2,7.8,72.8,218.4,340.3,3.8,240.2,cake,135
apple strudel,195,8000.0,1500.0,2300.0,3800.0,29200.0,18300.0,2300.0,1600.0,4.3,20.0,30900.0,0.011,0.087,0.082,0.009,0.016,0.2,0.2,0.031,1.2,0.0,1.0,0.002,10.7,0.3,6.4,23.4,105.8,0.1,53.359,cake,136
chocolate snack cake,200,8000.0,2400.0,4300.0,900.0,30200.0,18900.0,1800.0,1600.0,0.0,200.0,9300.0,0.001,0.051,0.079,0.011,0.013,0.5,0.067,0.068,1.0,0.0,0.5,0.08,58.0,1.8,18.0,43.5,88.0,0.5,102.459,cake,137
fruit fried pie,404,20600.0,3100.0,9500.0,6900.0,54500.0,27400.0,3800.0,3300.0,0.0,400.0,48100.0,0.065,0.2,0.046,0.074,0.1,1.8,0.1,0.019,1.7,0.0,2.2,0.035,28.2,1.6,12.8,55.0,83.2,0.3,113.776,cake,138
pumpkin pie,316,14400.0,4900.0,5700.0,2800.0,40900.0,0.0,7000.0,0.0,65.1,300.0,90700.0,0.1,0.1,0.091,0.086,0.3,1.2,0.7,0.077,2.6,0.0,0.0,0.0,145.7,2.0,29.5,151.9,288.3,0.7,212.686,cake,139
corn cake,35,200.0,19.0,32.0,98.0,7500.0,2100.0,700.0,200.0,0.0,10.0,400.0,0.013,0.057,0.084,0.0,0.084,0.5,0.023,0.074,0.0,0.0,0.0,0.0,1.7,0.1,10.3,14.1,14.1,0.2,10.437,cake,140
sponge snack cake,157,4800.0,1700.0,2100.0,800.0,26900.0,15700.0,1500.0,400.0,17.2,200.0,8200.0,0.095,0.091,0.096,0.034,0.022,0.7,0.06,0.0,0.089,0.098,0.3,0.011,10.1,0.6,3.4,77.7,29.8,0.3,44.404,cake,141
danish pastry with nuts,280,16400.0,3800.0,8900.0,2800.0,29700.0,16800.0,4600.0,1300.0,29.9,200.0,13300.0,0.054,0.1,0.091,0.088,0.2,1.5,0.5,0.062,1.1,0.0,0.5,0.018,61.1,1.2,20.8,71.5,61.8,0.6,115.451,cake,142
chocolate cream pie,301,19200.0,4900.0,11000.0,2400.0,33300.0,0.0,2600.0,2000.0,5.0,100.0,43100.0,0.0,0.002,0.093,0.0,0.1,0.7,0.4,0.023,0.0,0.0,0.0,0.0,35.6,1.1,20.8,67.3,125.7,0.2,93.8,cake,143
angel food cake,72,200.0,71.0,95.0,100.0,16200.0,0.0,1700.0,400.0,0.0,200.0,9300.0,0.0,0.095,0.039,0.035,0.1,0.2,0.046,0.058,0.0,0.0,0.0,0.0,39.2,0.1,3.4,90.7,26.0,0.055,57.8,cake,144
lemon meringue pie,362,16400.0,4000.0,7100.0,4200.0,49700.0,0.0,4800.0,0.0,67.3,300.0,55000.0,0.011,0.1,0.009,0.043,0.2,1.2,0.3,0.034,4.2,0.0,0.0,0.0,15.2,1.3,7.6,53.3,82.6,0.4,91.632,cake,145
danish pastry with cinnamon,349,16700.0,3500.0,10600.0,1600.0,46900.0,0.0,4800.0,0.0,27.3,300.0,18400.0,0.058,0.3,0.072,0.041,0.2,2.2,0.6,0.049,2.6,0.0,0.0,0.0,37.0,1.8,14.1,73.9,95.9,0.5,109.897,cake,146
cinnamon coffeecake,238,13300.0,3300.0,7400.0,1800.0,26600.0,0.0,3900.0,1100.0,18.2,200.0,12500.0,0.049,0.1,0.02,0.085,0.1,1.0,0.4,0.046,0.2,0.0,0.0,0.0,30.8,1.1,12.5,61.6,70.1,0.5,77.089,cake,147
cheesecake,257,18000.0,7900.0,6900.0,1300.0,20400.0,17400.0,4400.0,300.0,44.0,400.0,36500.0,0.1,0.061,0.011,0.03,0.2,0.2,0.5,0.1,0.3,0.078,0.4,0.093,40.8,0.5,8.8,74.4,72.0,0.4,84.8,cake,148
fruitcake,139,3900.0,500.0,1800.0,1400.0,26500.0,11800.0,1200.0,1600.0,2.2,13.0,10900.0,0.06,0.004,0.063,0.0,0.063,0.3,0.015,0.008,0.2,0.0,0.4,0.032,14.2,0.9,6.9,22.4,65.8,0.1,48.507,cake,149
egg custard,293,12900.0,6100.0,3900.0,1200.0,31000.0,31000.0,14200.0,0.0,236.9,200.0,222400.0,0.1,0.1,0.025,0.081,0.7,0.3,1.6,0.1,0.0,0.0,0.6,0.097,301.7,1.0,31.0,318.7,417.4,1.5,360.9,cake,150
mince pie,477,17800.0,4400.0,7700.0,4700.0,79200.0,46700.0,4300.0,4300.0,0.0,400.0,61700.0,0.0,0.2,0.074,0.0,0.2,2.0,0.2,0.1,9.7,0.0,0.2,0.071,36.3,2.5,23.1,69.3,335.0,0.4,154.1,cake,151
yellow cake with chocolate frosting,546,25600.0,8300.0,10400.0,6800.0,79700.0,56500.0,4600.0,2200.0,23.0,400.0,32200.000000000004,0.0,0.032,0.0,0.0,0.1,1.2,0.2,0.0,0.0,0.0,6.5,0.089,46.1,2.9,28.8,198.7,269.3,0.6,161.1,cake,152
danish pastry with fruit,335,15900.0,3300.0,10100.0,1600.0,45100.0,0.0,4800.0,0.0,18.8,300.0,27300.0,0.043,0.3,0.093,0.016,0.2,1.8,0.6,0.005,1.6,0.0,0.0,0.0,21.6,1.4,14.1,68.6,110.0,0.5,90.454,cake,153
white cake with coconut frosting,399,11500.0,4400.0,4100.0,2400.0,70800.0,64300.0,4900.0,1100.0,1.1,300.0,23200.0,0.015,0.1,0.058,0.091,0.2,1.2,0.2,0.026,0.1,0.047,0.1,0.019,100.8,1.3,13.4,78.4,110.9,0.4,190.574,cake,154
danish pastry with cheese,353,24600.0,5100.0,15600.0,2400.0,28700.0,0.0,5800.0,0.0,20.0,300.0,30800.0,0.057,0.3,0.035,0.095,0.2,2.5,0.6,0.082,2.6,0.0,0.0,0.0,70.1,1.8,15.5,80.1,116.5,0.6,133.666,cake,155
graham cracker pie crust,917,45400.0,9100.0,31000.0,3100.0,117700.0,33200.0,9300.0,3500.0,0.0,900.0,8000.0,0.0,0.3,0.1,0.0,0.4,5.9,0.3,0.1,0.0,0.0,3.4,0.058,53.1,4.8,42.1,214.1,206.8,2.3,233.8,cake,156
blueberry pie,360,17500.0,4300.0,7500.0,4500.0,49200.0,0.0,4000.0,0.0,0.0,300.0,75300.0,0.0,0.2,0.073,0.0,0.2,1.8,0.2,0.015,1.0,0.0,0.0,0.0,10.3,1.8,11.8,44.1,73.5,0.3,83.8,cake,157
yellow cake with vanilla frosting,239,9300.0,1500.0,3900.0,3300.0,37600.0,0.0,2200.0,200.0,35.2,200.0,14100.0,0.027,0.018,0.064,0.016,0.099,0.3,0.2,0.001,0.0,0.0,0.0,0.0,39.7,0.7,3.8,91.5,33.9,0.2,89.788,cake,158
pie crust,121,8000.0,2000.0,3500.0,2100.0,10900.0,45.0,1500.0,400.0,0.0,100.0,2300.0,0.0,0.004,0.004,0.0,0.088,0.8,0.048,0.075,0.0,0.0,0.033,0.038,2.3,0.7,3.2,15.4,15.4,0.1,23.8,cake,159
chocolate cake with chocolate frosting,537,27700.0,8200.0,10100.0,6400.0,72900.0,55100.0,4800.0,3000.0,30.4,500.0,30400.0,0.095,0.0,0.098,0.0,0.061,1.1,0.3,0.0,0.1,0.0,6.0,0.02,41.4,4.2,42.8,189.1,372.6,0.8,154.164,cake,160
cheese coffeecake,258,11600.0,4100.0,5400.0,1300.0,33700.0,0.0,5300.0,800.0,64.6,300.0,24500.0,0.082,0.098,0.001,0.049,0.07,0.5,0.3,0.086,0.041,0.0,0.0,0.0,44.8,0.5,11.4,76.8,219.6,0.4,96.831,cake,161
vanilla cream pie,350,18100.0,5100.0,7600.0,4300.0,41100.0,16000.0,6000.0,800.0,78.1,300.0,59200.0,0.1,0.2,0.064,0.086,0.3,1.2,0.5,0.006,0.6,0.076,0.6,0.01,113.4,1.3,16.4,131.0,158.8,0.7,181.4,cake,162
pineapple cake,367,13900.0,3400.0,6000.0,3800.0,58100.0,0.0,4000.0,900.0,25.3,400.0,37100.0,0.078,0.2,0.069,0.091,0.2,1.4,0.2,0.029,1.4,0.0,0.0,0.0,138.0,1.7,15.0,94.3,128.8,0.4,218.024,cake,163
peach pie,262,11700.0,1800.0,5000.0,4400.0,38500.0,19000.0,2200.0,900.0,0.0,300.0,63600.0,0.06,0.025,0.089,0.0,0.082,0.2,0.1,0.047,1.1,0.0,1.1,0.023,9.4,0.6,7.0,25.7,146.3,0.1,64.447,cake,164
fruit coffeecake,156,5100.0,1200.0,2800.0,700.0,25800.0,0.0,2600.0,1300.0,3.5,200.0,15900.0,0.0,0.089,0.042,0.0,0.037,1.3,0.3,0.013,0.4,0.0,0.0,0.0,22.5,1.2,8.5,59.0,45.0,0.3,58.9,cake,165
pound cake,116,6000.0,3500.0,1800.0,300.0,14600.0,0.0,1700.0,200.0,66.3,100.0,7400.0,0.09,0.059,0.055,0.088,0.048,0.4,0.1,0.087,0.0,0.0,0.0,0.0,10.5,0.4,3.3,41.1,35.7,0.1,33.47,cake,166
pound cake bread,215,9600.0,1700.0,2400.0,5200.0,28200.0,10000.0,3900.0,900.0,0.0,200.0,12300.0,0.0,0.041,0.0,0.0,0.028,2.6,0.3,0.08,0.0,0.0,0.8,0.0,25.3,1.2,10.5,165.0,115.5,0.3,69.1,cake,167
white cake,264,9200.0,2400.0,3900.0,2300.0,42300.0,26300.0,4000.0,600.0,1.5,200.0,17200.0,0.043,0.1,0.037,0.07,0.2,1.1,0.1,0.02,0.1,0.0,0.073,0.04,96.2,1.1,8.9,68.8,70.3,0.2,153.59,cake,168
coffeecake with chocolate frosting,298,9700.0,2500.0,5100.0,1300.0,48400.0,0.0,4500.0,1800.0,62.1,300.0,26200.0,0.041,0.006,0.036,0.01,0.024,0.8,0.4,0.051,0.015,0.0,0.0,0.0,34.2,0.5,13.5,67.5,70.2,0.4,99.233,cake,169
popcorn cake,38,300.0,74.0,60.0,100.0,8000.0,1.0,1000.0,300.0,0.0,50.0,500.0,0.0,0.079,0.068,0.0,0.06,0.6,0.002,0.076,0.0,0.0,0.073,0.005,0.9,0.2,15.9,27.7,32.7,0.4,10.7,cake,170
banana cream pie,3190,161300.0,44600.0,67800.0,39000.0,390200.0,143000.0,52200.0,8300.0,604.9,2800.0,568100.0,0.7,1.6,0.3,0.006,2.5,12.5,4.6,1.6,19.0,0.009,4.7,0.069,889.5,12.3,189.8,1091.1,1956.9,5.7,1533.5,cake,171
baked apple pie mcdonalds,91,4400.0,1100.0,2600.0,300.0,12300.0,4900.0,900.0,600.0,0.0,76.0,10500.0,0.0,0.093,0.053,0.0,0.045,0.7,0.036,0.027,9.1,0.0,0.5,0.0,5.4,0.6,2.0,10.2,17.8,0.0,33.3,cake,172
sponge cake,187,2700.0,800.0,1000.0,400.0,36400.0,0.0,4600.0,0.0,107.1,100.0,18500.0,0.071,0.1,0.076,0.056,0.2,0.8,0.3,0.07,0.0,0.0,0.0,0.0,26.5,1.0,5.7,63.0,88.8,0.4,71.264,cake,173
yellow cake,245,9900.0,2700.0,4200.0,2400.0,36000.0,0.0,3600.0,500.0,36.7,200.0,17100.0,0.094,0.1,0.086,0.016,0.2,1.0,0.2,0.038,0.1,0.0,0.0,0.0,99.3,1.1,8.2,79.6,61.9,0.3,150.51,cake,174
shortcake,98,4000.0,1100.0,1700.0,1000.0,13700.0,0.0,1700.0,0.0,0.8,100.0,8000.0,0.005,0.058,0.027,0.099,0.039,0.7,0.005,0.055,0.07,0.0,0.0,0.0,58.0,0.7,4.5,40.5,30.0,0.1,78.182,cake,175
cherry pie,486,22000.0,5400.0,9600.0,5800.0,69300.0,0.0,5000.0,0.0,0.0,300.0,82400.0,0.027,0.3,0.081,0.0,0.2,2.3,0.2,0.016,1.8,0.0,0.0,0.0,18.0,3.3,16.2,54.0,138.6,0.4,119.444,cake,176
dutch apple pie,397,15800.0,3200.0,7900.0,2900.0,61000.0,30200.0,3000.0,2200.0,0.0,300.0,56300.0,0.008,0.3,0.033,0.0,0.07,1.5,0.1,0.0,7.8,0.0,1.3,0.071,19.2,1.2,11.0,39.7,104.1,0.3,110.281,cake,177
chocolate cake,352,14300.0,5200.0,5700.0,2600.0,50700.0,0.0,5000.0,1500.0,55.1,300.0,23200.0,0.0,0.1,0.012,0.027,0.2,1.1,0.3,0.038,0.2,0.0,0.0,0.0,57.0,1.5,30.4,100.7,133.0,0.7,130.2,cake,178
marshmallow,64,33.0,45.0,35.0,60.0,16300.0,11500.0,400.0,13.0,0.0,39.0,3300.0,0.0,0.015,0.011,0.0,0.028,0.038,0.014,0.062,0.0,0.0,0.0,0.0,0.6,0.038,0.4,1.6,1.0,0.06,17.445,sweet,179
toffee,67,3900.0,2500.0,1100.0,100.0,7800.0,7600.0,100.0,0.0,12.5,44.0,40.0,0.033,0.074,0.059,0.021,0.076,0.001,0.098,0.044,0.099,0.079,0.0,0.1,0.097,0.092,0.094,0.082,3.8,0.031,12.023,sweet,180
vanilla fudge with nuts,123,3900.0,1100.0,700.0,1900.0,21100.0,20100.0,800.0,300.0,3.7,75.0,2300.0,0.064,0.079,0.012,0.018,0.077,0.042,0.046,0.041,0.074,0.0,0.087,0.056,13.3,0.1,6.8,20.7,29.1,0.2,39.577,sweet,181
peanuts chocolate coated,21,1300.0,600.0,500.0,200.0,2000.0,1500.0,500.0,200.0,0.4,63.0,8.0,0.09,0.023,0.014,0.019,0.078,0.2,0.027,0.026,0.0,0.0,0.001,0.054,4.2,0.037,3.8,8.5,20.1,0.1,8.305,sweet,182
caramel with nuts chocolate coated,66,2900.0,700.0,1300.0,800.0,8500.0,5800.0,1300.0,600.0,0.0,41.0,900.0,0.028,0.067,0.066,0.0,0.004,0.7,0.0,0.05,0.2,0.0,0.2,0.024,10.9,0.2,11.3,23.2,62.3,0.3,24.683,sweet,183
gingerbread,263,12100.0,3100.0,5300.0,3100.0,36400.0,0.0,2900.0,0.0,23.7,200.0,20700.0,0.036,0.1,0.088,0.027,0.1,1.3,0.3,0.1,0.082,0.0,0.0,0.0,52.5,2.1,51.8,40.0,324.9,0.3,106.123,sweet,184
rolo nestle,24,1000.0,600.0,3400.0,2900.0,200.0,78.0,9.0,0.0,0.0,0.0,0.0,0.0,0.0,0.0,0.0,0.0,0.0,0.0,0.0,0.0,0.0,0.0,0.0,0.0,0.0,0.0,0.0,0.0,0.0,1.234,sweet,185
vanilla fudge,108,1500.0,1000.0,400.0,84.0,23200.0,22600.0,300.0,0.0,4.2,40.0,3100.0,0.063,0.013,0.056,0.076,0.012,0.093,0.015,0.095,0.0,0.0,0.067,0.026,10.8,0.036,0.8,8.5,13.9,0.089,35.944,sweet,186
halavah,328,15100.0,2900.0,5700.0,5900.0,42300.0,0.0,8700.0,3200.0,0.0,100.0,2600.0,0.0,0.3,0.016,0.0,0.036,2.0,0.1,0.2,0.097,0.0,0.0,0.0,23.1,3.2,152.6,424.9,130.9,3.0,95.618,sweet,187
praline,189,10100.0,900.0,5700.0,3000.0,23200.0,21800.0,1300.0,1400.0,0.0,16.0,4000.0,0.0,0.066,0.096,0.0,0.071,0.2,0.1,0.021,0.1,0.0,0.2,0.033,16.8,0.5,19.1,40.6,84.6,0.7,53.4,sweet,188
fruit juice bar,67,89.0,0.0,0.0,26.0,15600.0,13500.0,900.0,800.0,0.0,11.0,60300.0,0.0,0.022,0.032,0.0,0.055,0.1,0.099,0.094,7.3,0.0,0.0,0.092,3.9,0.1,3.1,4.6,40.8,0.068,28.671,sweet,189
peanut brittle,138,5400.0,1200.0,2300.0,1300.0,20200.0,14500.0,2100.0,700.0,3.4,100.0,200.0,0.051,0.015,0.046,0.0,0.098,0.7,0.1,0.029,0.0,0.0,0.7,0.06,7.6,0.3,11.9,30.0,47.5,0.2,36.343,sweet,190
butterscotch,21,200.0,100.0,70.0,76.0,4800.0,4300.0,79.0,0.0,0.5,39.0,300.0,0.076,0.008,0.0,0.0,0.087,0.093,0.075,0.0,0.0,0.0,0.059,0.092,0.2,0.02,0.0,0.04,0.2,0.001,5.351,sweet,191
chocolate coffee beans,155,9400.0,5100.0,3900.0,400.0,15600.0,14400.0,2100.0,1600.0,5.7,6.0,700.0,0.049,0.007,0.016,0.063,0.011,0.052,0.1,0.002,0.0,0.0,0.1,0.04,47.8,0.6,18.1,53.2,116.9,0.6,77.127,sweet,192
nougat with almonds,56,200.0,200.0,0.0,0.0,12900.0,11700.0,500.0,500.0,0.0,61.0,300.0,0.0,0.058,0.044,0.0,0.045,0.083,0.044,0.001,0.096,0.0,0.4,0.0,4.5,0.082,4.5,7.7,14.7,0.051,18.658,sweet,193
carob,135,7800.0,7300.0,100.0,28.0,14100.0,8500.0,2000.0,1000.0,0.3,15.0,400.0,0.0,0.0,0.02,0.087,0.086,0.027,0.3,0.2,0.007,0.1,0.0,0.4,0.051,0.011,0.3,0.059,31.5,0.087,25.013,sweet,194
peanut butter fudge,62,1100.0,300.0,500.0,300.0,12400.0,11700.0,600.0,100.0,0.5,85.0,1700.0,0.081,0.064,0.09,0.095,0.07,0.2,0.028,0.052,0.0,0.0,0.2,0.068,6.7,0.072,3.2,10.9,19.0,0.021,21.055,sweet,195
sugar coated almonds,17,600.0,16.0,400.0,100.0,2400.0,2200.0,400.0,13.0,0.0,21.0,94.0,0.0,0.08,0.033,0.0,0.098,0.046,0.029,0.092,0.0,0.0,0.4,0.0,3.5,0.061,4.8,5.8,8.9,0.085,6.936,sweet,196
chocolate coated marshmallow,118,4700.0,1300.0,2600.0,500.0,19000.0,12500.0,1100.0,600.0,0.0,2.0,2800.0,0.043,0.07,0.002,0.098,0.027,0.2,0.1,0.087,0.093,0.0,0.022,0.03,12.9,0.7,10.1,27.2,51.0,0.2,39.096,sweet,197
raisins chocolate coated,390,14800.0,10300.0,3100.0,600.0,68400.0,62200.0,4100.0,3100.0,3.0,21.0,11200.0,0.059,0.018,0.016,0.066,0.2,0.4,0.3,0.08,0.2,0.0,0.3,0.054,86.0,1.7,45.0,143.0,514.0,1.3,178.329,sweet,198
chewing gum sugarless,5,13.0,90.0,81.0,38.0,1900.0,0.0,0.0,78.0,0.0,1.0,67.0,0.0,0.0,0.0,0.0,0.0,0.0,0.0,0.0,0.0,0.0,0.0,0.0,0.4,0.0,0.0,0.0,0.0,0.0,2.378,sweet,199
chewing gum,11,32.0,58.0,60.0,15.0,2900.0,2000.0,0.0,12.0,0.0,83.0,67.0,0.0,0.0,0.0,0.0,0.0,0.0,0.0,0.0,0.0,0.0,0.0,0.0,0.0,0.0,0.0,0.0,0.05,0.0,2.973,sweet,200
chocolate syrup,109,400.0,200.0,100.0,11.0,25400.0,19400.0,800.0,1000.0,0.0,61.0,12100.0,0.0,0.055,0.096,0.0,0.099,0.1,0.096,0.089,0.009,0.0,0.086,0.049,5.5,0.8,25.4,50.3,87.4,0.3,33.955,sweet,201
chocolate fudge syrup,67,1700.0,800.0,700.0,86.0,12000.0,6600.0,900.0,500.0,0.2,84.0,4100.0,0.07,0.015,0.079,0.029,0.077,0.02,0.073,0.046,0.023,0.0,0.5,0.035,9.3,0.2,9.1,18.4,54.0,0.2,24.726,sweet,202
m ms milk chocolate mars,207,8900.0,5500.0,2200.0,400.0,29900.0,26700.0,1800.0,1200.0,5.9,18.0,700.0,0.086,0.097,0.016,0.063,0.08,0.1,0.1,0.015,0.2,0.0,0.2,0.032,44.1,0.5,18.5,61.3,109.6,0.7,86.651,sweet,203
milk chocolate with almonds,216,14100.0,7300.0,4900.0,1200.0,21900.0,18000.0,3700.0,2500.0,7.8,51.0,600.0,0.049,0.02,0.06,0.093,0.2,0.3,0.2,0.047,0.084,0.0,1.3,0.016,91.8,0.7,36.9,108.2,182.0,0.5,134.811,sweet,204
chocolate fudge,70,1800.0,1100.0,500.0,55.0,13000.0,12400.0,400.0,300.0,2.4,32.0,1700.0,0.067,0.028,0.062,0.061,0.029,0.054,0.011,0.044,0.0,0.0,0.075,0.068,8.3,0.3,6.1,12.1,22.8,0.2,24.119,sweet,205
milk chocolate with rice cereal,0,0.0,0.0,0.0,0.0,0.0,0.0,0.0,0.0,0.0,0.0,0.0,0.0,0.0,0.0,0.0,0.0,0.0,0.0,0.0,0.0,0.0,0.0,0.0,0.0,0.0,0.0,0.0,0.0,0.0,0.0,sweet,206
m ms peanut chocolate mars,93,4700.0,1800.0,1500.0,600.0,10900.0,9100.0,1700.0,700.0,1.4,17.0,400.0,0.035,0.064,0.097,0.051,0.062,0.6,0.1,0.061,0.0,0.0,0.5,0.086,18.4,0.2,12.4,34.2,62.5,0.3,36.623,sweet,207
dark chocolate,165,9700.0,5700.0,2900.0,300.0,18000.0,13800.0,1500.0,2200.0,2.1,13.0,300.0,0.074,0.0,0.052,0.0,0.077,0.004,0.2,0.084,0.064,0.0,0.0,0.2,0.087,0.3,2.4,0.4,64.2,0.033,31.848,sweet,208
chocolate semisweet,806,50400.0,29800.0,16700.0,1600.0,107400.0,91600.0,7100.0,9900.0,0.0,42.0,1200.0,0.0,0.023,0.094,0.0,0.2,0.7,0.2,0.036,0.0,0.0,0.4,0.066,53.8,5.3,193.2,221.8,613.2,2.7,233.9,sweet,209
after eight mints nestle,36,1000.0,700.0,0.0,0.0,6700.0,5600.0,100.0,200.0,0.0,25.0,500.0,0.0,0.0,0.0,0.0,0.0,0.0,0.0,0.0,0.0,0.0,0.0,0.0,1.1,0.062,0.0,0.0,0.0,0.0,9.163,sweet,210
milk chocolate,37,2100.0,1300.0,500.0,36.0,4200.0,3600.0,500.0,200.0,1.6,45.0,100.0,0.049,0.097,0.033,0.01,0.066,0.079,0.087,0.089,0.0,0.0,0.003,0.017,13.2,0.2,4.4,14.6,26.0,0.2,20.464,sweet,211
white chocolate,162,9600.0,5800.0,2700.0,300.0,17800.0,17700.0,1800.0,81.0,6.3,9.0,400.0,0.072,0.072,0.051,0.022,0.091,0.2,0.2,0.042,0.2,0.0,0.3,0.082,59.7,0.025,3.6,52.8,85.8,0.2,89.212,sweet,212
chocolate,208,14000.0,8200.0,4600.0,400.0,24800.0,21100.0,1600.0,2300.0,0.0,1.0,200.0,0.0,0.094,0.069,0.0,0.026,0.3,0.019,0.091,0.0,0.0,0.1,0.074,9.8,1.1,46.3,60.3,118.9,0.6,53.6,sweet,213
twix mars,146,7200.0,5500.0,900.0,200.0,18800.0,14000.0,1400.0,300.0,2.0,64.0,1200.0,0.081,0.062,0.048,0.007,0.036,0.073,0.3,0.03,0.099,0.2,0.0,0.2,0.085,0.042,0.2,0.071,30.5,0.065,27.86,sweet,214
kit kat nestle,62,3300.0,2200.0,600.0,97.0,7600.0,6500.0,700.0,200.0,1.1,22.0,100.0,0.0,0.0,0.094,0.047,0.0,0.071,0.035,0.065,0.0,0.2,0.0,0.0,0.0,0.059,0.1,0.0,13.4,0.0,11.843,sweet,215
snickers mars,280,13600.0,5200.0,4500.0,1700.0,35100.0,28800.0,4300.0,1300.0,7.4,100.0,3200.0,0.2,0.009,0.015,0.089,0.078,0.092,2.1,0.3,0.077,0.3,0.0,0.9,0.015,0.2,0.4,0.2,108.3,0.0,54.826,sweet,216
milky way mars,264,10000.0,7000.0,1300.0,200.0,41300.0,34600.0,2300.0,600.0,5.2,21.0,3700.0,0.1,0.065,0.085,0.079,0.011,0.081,0.0,0.09,0.068,0.4,0.072,0.5,0.038,0.047,0.3,0.095,38.9,0.073,54.438,sweet,217
clif bar,235,4000.0,1000.0,700.0,1500.0,44500.0,21500.0,10000.0,5000.0,0.0,100.0,7500.0,0.0,0.4,0.076,0.055,0.3,3.0,1.5,0.4,60.0,0.0,0.2,0.089,250.2,4.5,100.0,199.9,280.2,3.0,378.2,sweet,218
gum drops,18,42.0,50.0,100.0,12.0,4400.0,3500.0,0.0,0.0,0.0,8.0,600.0,0.0,0.0,0.0,0.0,0.0,0.0,0.0,0.0,0.0,0.0,0.0,0.0,0.0,0.0,0.0,0.0,0.0,0.0,4.418,sweet,219
skittles wild berry mars,249,2600.0,2600.0,0.0,0.0,56300.0,47100.0,100.0,0.0,0.0,36.0,2400.0,0.0,0.0,0.0,0.0,0.0,0.0,0.0,0.0,41.6,0.0,0.0,0.0,0.0,0.0,0.0,0.0,0.0,0.0,100.6,sweet,220
skittles original mars,251,2700.0,2600.0,0.0,0.0,56300.0,47000.0,100.0,0.0,0.0,25.0,2400.0,0.0,0.0,0.0,0.0,0.033,0.037,0.016,0.097,41.4,0.0,0.1,0.036,0.0,0.0,0.6,0.6,7.4,0.03,100.5,sweet,221
skittles tropical mars,251,2700.0,0.0,0.0,0.0,56300.0,47000.0,100.0,0.0,0.0,95.0,2400.0,0.0,0.0,0.0,0.0,0.0,0.0,0.0,0.0,41.6,0.0,0.0,0.0,0.0,0.0,0.0,0.0,0.0,0.0,100.7,sweet,222
fruit leather,52,400.0,25.0,200.0,50.0,12000.0,6900.0,29.0,0.0,0.0,0.0,1400.0,0.0,0.051,0.081,0.0,0.05,0.03,0.078,0.016,16.8,0.0,0.02,0.003,4.5,0.1,2.8,4.3,41.2,0.014,33.811,sweet,223
taffy,60,500.0,300.0,100.0,45.0,13700.0,10300.0,87.0,0.0,1.4,28.0,700.0,0.096,0.026,0.011,0.0,0.0,0.046,0.018,0.013,0.0,0.0,0.0,0.062,0.034,0.0,0.016,0.0,0.2,0.054,14.358,sweet,224
eisbonbons mac iver,23,0.0,0.0,5600.0,4000.0,0.0,0.0,0.0,0.0,0.0,0.0,0.0,0.0,0.0,0.0,0.0,0.0,0.0,0.0,0.0,0.0,0.0,0.0,0.0,0.0,0.0,0.0,0.0,0.0,0.0,0.0,sweet,225
caramels,39,800.0,300.0,200.0,400.0,7800.0,6600.0,500.0,0.0,0.7,15.0,900.0,0.021,0.005,0.061,0.03,0.04,0.094,0.092,0.088,0.024,0.0,0.002,0.014,13.9,0.049,1.7,11.5,21.6,0.057,23.208,sweet,226
hard candy,24,67.0,0.0,0.0,0.0,5900.0,3800.0,0.0,0.0,0.0,21.0,50.0,0.0,0.021,0.0,0.0,0.084,0.039,0.09,0.035,0.0,0.0,0.0,0.0,0.2,0.038,0.2,0.2,0.3,0.059,6.182,sweet,227
jellybeans,4,43.0,0.0,0.0,0.0,1000.0,800.0,0.0,83.0,0.0,76.0,51.0,0.0,0.04,0.0,0.0,0.017,0.099,0.098,0.09,0.0,0.0,0.0,0.0,0.08,0.029,0.055,0.027,0.4,0.032,1.216,sweet,228
jellies,56,69.0,33.0,59.0,71.0,14700.0,10800.0,5.0,200.0,0.0,16.0,6300.0,0.0,0.055,0.098,0.0,0.1,0.039,0.045,0.046,0.2,0.0,0.0,0.063,1.5,0.084,1.3,1.3,11.3,0.041,16.779,sweet,229
